MODEL,Train_Accuracy,Test_Accuracy,Precision,Recall,F1_Score,ROC_AUC
Decision Tree,1.0,0.9817831118731247,0.9331476323119777,0.9476661951909476,0.9403508771929824,0.9677709606922155
Random Forest,1.0,0.992284612087441,0.9985141158989599,0.9504950495049505,0.9739130434782609,0.9751212302336573
XG Boost,0.9521972132904609,0.9402057436776683,0.9930875576036866,0.6096181046676096,0.7554776511831727,0.8044301687773511
Logistic Regression,0.9131296891747053,0.9147021003000428,1.0,0.43705799151343705,0.6082677165354331,0.7185289957567185
